"gcm","institution","aerosol","atmos","atmosChem","land","landIce","ocean","ocnBgchem","seaIce"
"ACCESS-CM2","CSIRO-ARCCSS","ACCESS-CM2_aerosol_UKCA-GLOMAP-mode","ACCESS-CM2_atmos_MetUM-HadGEM3-GA7.1","none","ACCESS-CM2_land_CABLE2","none","ACCESS-CM2_ocean_ACCESS-OM2_GFDL-MOM5","none","ACCESS-CM2_seaIce_CICE5.1.2"
"ACCESS-ESM1-5","CSIRO","ACCESS-ESM1-5_aerosol_CLASSIC","ACCESS-ESM1-5_atmos_HadGAM2","none","ACCESS-ESM1-5_land_CABLE2","none","ACCESS-ESM1-5_ocean_ACCESS-OM2_MOM5","ACCESS-ESM1-5_ocnBgchem_WOMBAT","ACCESS-ESM1-5_seaIce_CICE4.1"
"AWI-CM-1-1-HR","AWI","none","AWI-CM-1-1-HR_atmos_ECHAM6.3","none","AWI-CM-1-1-HR_land_JSBACH3.20","none","AWI-CM-1-1-HR_ocean_FESOM1.4","none","AWI-CM-1-1-HR_seaIce_FESOM1.4"
"AWI-CM-1-1-LR","AWI","none","AWI-CM-1-1-LR_atmos_ECHAM6.3","none","AWI-CM-1-1-LR_land_JSBACH3.20","none","AWI-CM-1-1-LR_ocean_FESOM1.4","none","AWI-CM-1-1-LR_seaIce_FESOM1.4"
"AWI-CM-1-1-MR","AWI","none","AWI-CM-1-1-MR_atmos_ECHAM6.3","none","AWI-CM-1-1-MR_land_JSBACH3.20","none","AWI-CM-1-1-MR_ocean_FESOM1.4","none","AWI-CM-1-1-MR_seaIce_FESOM1.4"
"AWI-ESM-1-1-LR","AWI","none","AWI-ESM-1-1-LR_atmos_ECHAM6.3","none","AWI-ESM-1-1-LR_land_JSBACH3.20-dynamic-veg","none","AWI-ESM-1-1-LR_ocean_FESOM1.4","none","AWI-ESM-1-1-LR_seaIce_FESOM1.4"
"AWI-ESM-1-REcoM","AWI","none","AWI-ESM-1-REcoM_atmos_ECHAM6.3","none","AWI-ESM-1-REcoM_land_JSBACH3.20-dynamic-veg","none","AWI-ESM-1-REcoM_ocean_FESOM1.4","AWI-ESM-1-REcoM_ocnBgchem_REcoM2","AWI-ESM-1-REcoM_seaIce_FESOM1.4"
"AWI-ESM-2-1-LR","AWI","none","AWI-ESM-2-1-LR_atmos_ECHAM6.3","none","AWI-ESM-2-1-LR_land_JSBACH3.20-dynamic-veg","none","AWI-ESM-2-1-LR_ocean_FESOM2","none","AWI-ESM-2-1-LR_seaIce_FESOM 2"
"BCC-CSM2-HR","BCC","none","BCC-CSM2-HR_atmos_BCC_AGCM3_HR","none","BCC-CSM2-HR_land_BCC_AVIM2","none","BCC-CSM2-HR_ocean_MOM4","none","BCC-CSM2-HR_seaIce_SIS2"
"BCC-CSM2-MR","BCC","none","BCC-CSM2-MR_atmos_BCC_AGCM3_MR","none","BCC-CSM2-MR_land_BCC_AVIM2","none","BCC-CSM2-MR_ocean_MOM4","none","BCC-CSM2-MR_seaIce_SIS2"
"BCC-ESM1","BCC","none","BCC-ESM1_atmos_BCC_AGCM3_LR","BCC-ESM1_atmosChem_BCC-AGCM3-Chem","BCC-ESM1_land_BCC_AVIM2","none","BCC-ESM1_ocean_MOM4","none","BCC-ESM1_seaIce_SIS2"
"CAMS-CSM1-0","CAMS","none","CAMS-CSM1-0_atmos_ECHAM5","none","CAMS-CSM1-0_land_CoLM1.0","none","CAMS-CSM1-0_ocean_MOM4","none","CAMS-CSM1-0_seaIce_SIS1.0"
"CAS-ESM2-0","CAS","CAS-ESM2-0_aerosol_IAP-AACM","CAS-ESM2-0_atmos_IAP-AGCM5.0","CAS-ESM2-0_atmosChem_IAP-AACM","CAS-ESM2-0_land_CoLM","none","CAS-ESM2-0_ocean_LICOM2.0","CAS-ESM2-0_ocnBgchem_IAP-OBGCM","CAS-ESM2-0_seaIce_CICE4"
"CESM1-1-CAM5-CMIP5","NCAR","CESM1-1-CAM5-CMIP5_aerosol_MAM3","CESM1-1-CAM5-CMIP5_atmos_CAM5.2","CESM1-1-CAM5-CMIP5_atmosChem_MAM3 (same grid as atmos)","CESM1-1-CAM5-CMIP5_land_CLM4","none","CESM1-1-CAM5-CMIP5_ocean_POP2","CESM1-1-CAM5-CMIP5_ocnBgchem_BEC","CESM1-1-CAM5-CMIP5_seaIce_CICE4"
"CESM2","NCAR","CESM2_aerosol_MAM4","CESM2_atmos_CAM6","CESM2_atmosChem_MAM4","CESM2_land_CLM5","CESM2_landIce_CISM2.1","CESM2_ocean_POP2","CESM2_ocnBgchem_MARBL","CESM2_seaIce_CICE5.1"
"CESM2-FV2","NCAR","CESM2-FV2_aerosol_MAM4","CESM2-FV2_atmos_CAM6","CESM2-FV2_atmosChem_MAM4","CESM2-FV2_land_CLM5","CESM2-FV2_landIce_CISM2.1","CESM2-FV2_ocean_POP2","CESM2-FV2_ocnBgchem_MARBL","CESM2-FV2_seaIce_CICE5.1"
"CESM2-WACCM","NCAR","CESM2-WACCM_aerosol_MAM4","CESM2-WACCM_atmos_WACCM6","CESM2-WACCM_atmosChem_MAM4","CESM2-WACCM_land_CLM5","CESM2-WACCM_landIce_CISM2.1","CESM2-WACCM_ocean_POP2","CESM2-WACCM_ocnBgchem_MARBL","CESM2-WACCM_seaIce_CICE5.1"
"CESM2-WACCM-FV2","NCAR","CESM2-WACCM-FV2_aerosol_MAM4","CESM2-WACCM-FV2_atmos_WACCM6","CESM2-WACCM-FV2_atmosChem_MAM4","CESM2-WACCM-FV2_land_CLM5","CESM2-WACCM-FV2_landIce_CISM2.1","CESM2-WACCM-FV2_ocean_POP2","CESM2-WACCM-FV2_ocnBgchem_MARBL","CESM2-WACCM-FV2_seaIce_CICE5.1"
"CIESM","THU","CIESM_aerosol_MAM4","CIESM_atmos_CIESM-AM","CIESM_atmosChem_trop_mam4","CIESM_land_CIESM-LM","none","CIESM_ocean_CIESM-OM","none","CIESM_seaIce_CICE4"
"CMCC-CM2-HR4","CMCC","CMCC-CM2-HR4_aerosol_prescribed_MACv2-SP","CMCC-CM2-HR4_atmos_CAM4","none","CMCC-CM2-HR4_land_CLM4.5","none","CMCC-CM2-HR4_ocean_NEMO3.6_ORCA0.25","none","CMCC-CM2-HR4_seaIce_CICE4.0"
"CMCC-CM2-SR5","CMCC","CMCC-CM2-SR5_aerosol_MAM3","CMCC-CM2-SR5_atmos_CAM5.3","none","CMCC-CM2-SR5_land_CLM4.5","none","CMCC-CM2-SR5_ocean_NEMO3.6_ORCA1","none","CMCC-CM2-SR5_seaIce_CICE4.0"
"CMCC-CM2-VHR4","CMCC","CMCC-CM2-VHR4_aerosol_prescribed_MACv2-SP","CMCC-CM2-VHR4_atmos_CAM4","none","CMCC-CM2-VHR4_land_CLM4.5","none","CMCC-CM2-VHR4_ocean_NEMO3.6_ORCA0.25","none","CMCC-CM2-VHR4_seaIce_CICE4.0"
"CMCC-ESM2","CMCC","CMCC-ESM2_aerosol_MAM3","CMCC-ESM2_atmos_CAM5.3","none","CMCC-ESM2_land_CLM4.5","none","CMCC-ESM2_ocean_NEMO3.6_ORCA1","CMCC-ESM2_ocnBgchem_BFM5.2","CMCC-ESM2_seaIce_CICE4.0"
"CNRM-CM6-1","CNRM-CERFACS","CNRM-CM6-1_aerosol_prescribed","CNRM-CM6-1_atmos_Arpege6.3","CNRM-CM6-1_atmosChem_OZLv2","CNRM-CM6-1_land_Surfex8.0c","none","CNRM-CM6-1_ocean_NEMO3.6_eORCA1","none","CNRM-CM6-1_seaIce_Gelato6.1"
"CNRM-CM6-1-HR","CNRM-CERFACS","CNRM-CM6-1-HR_aerosol_prescribed","CNRM-CM6-1-HR_atmos_Arpege6.3","CNRM-CM6-1-HR_atmosChem_OZLv2","CNRM-CM6-1-HR_land_Surfex8.0c","none","CNRM-CM6-1-HR_ocean_NEMO3.6_eORCA025","none","CNRM-CM6-1-HR_seaIce_Gelato6.1"
"CNRM-ESM2-1","CNRM-CERFACS","CNRM-ESM2-1_aerosol_TACTIC_v2","CNRM-ESM2-1_atmos_Arpege6.3","CNRM-ESM2-1_atmosChem_REPROBUS-C_v2","CNRM-ESM2-1_land_Surfex8.0c","none","CNRM-ESM2-1_ocean_NEMO3.6_eORCA1","CNRM-ESM2-1_ocnBgchem_PISCES2s","CNRM-ESM2-1_seaIce_Gelato6.1"
"CanESM5","CCCma","CanESM5_aerosol_interactive","CanESM5_atmos_CanAM5","CanESM5_atmosChem_specified-oxidants-for-aerosols","CanESM5_land_CLASS3.6-CTEM1.2","CanESM5_landIce_specified-ice-sheets","CanESM5_ocean_NEMO3.4.1_ORCA1","CanESM5_ocnBgchem_CMOC","CanESM5_seaIce_LIM2"
"CanESM5-1","CCCma","CanESM5-1_aerosol_interactive","CanESM5-1_atmos_CanAM5","CanESM5-1_atmosChem_specified-oxidants-for-aerosols","CanESM5-1_land_CLASS3.6-CTEM1.2","CanESM5-1_landIce_specified-ice-sheets","CanESM5-1_ocean_NEMO3.4.1_ORCA1","CanESM5-1_ocnBgchem_CMOC","CanESM5-1_seaIce_LIM2"
"CanESM5-CanOE","CCCma","CanESM5-CanOE_aerosol_interactive","CanESM5-CanOE_atmos_CanAM5","CanESM5-CanOE_atmosChem_specified-oxidants-for-aerosols","CanESM5-CanOE_land_CLASS3.6-CTEM1.2","CanESM5-CanOE_landIce_specified-ice-sheets","CanESM5-CanOE_ocean_NEMO3.4.1_ORCA1","CanESM5-CanOE_ocnBgchem_CanOE","CanESM5-CanOE_seaIce_LIM2"
"E3SM-1-0","E3SM-Project-/-LLNL-/-UCI-/-UCSB","E3SM-1-0_aerosol_MAM4","E3SM-1-0_atmos_EAM","E3SM-1-0_atmosChem_troposhere-specified-oxidants-for-aerosols_LINOZv2","E3SM-1-0_land_ELM_MOSART","none","E3SM-1-0_ocean_MPAS-Ocean6.0","none","E3SM-1-0_seaIce_MPAS-Seaice6.0"
"E3SM-1-1","E3SM-Project-/-RUBISCO","E3SM-1-1_aerosol_MAM4","E3SM-1-1_atmos_EAM","E3SM-1-1_atmosChem_troposhere-specified-oxidants-for-aerosols_LINOZv2","E3SM-1-1_land_ELM_MOSART","none","E3SM-1-1_ocean_MPAS-Ocean6.0","E3SM-1-1_ocnBgchem_BEC","E3SM-1-1_seaIce_MPAS-Seaice6.0"
"E3SM-1-1-ECA","E3SM-Project","E3SM-1-1-ECA_aerosol_MAM4","E3SM-1-1-ECA_atmos_EAM","E3SM-1-1-ECA_atmosChem_troposhere-specified-oxidants-for-aerosols_LINOZv2","E3SM-1-1-ECA_land_ELM_MOSART","none","E3SM-1-1-ECA_ocean_MPAS-Ocean6.0","E3SM-1-1-ECA_ocnBgchem_BEC","E3SM-1-1-ECA_seaIce_MPAS-Seaice6.0"
"E3SM-2-0","E3SM-Project","E3SM-2-0_aerosol_MAM4","E3SM-2-0_atmos_EAM","E3SM-2-0_atmosChem_troposhere-specified-oxidants-for-aerosols_LINOZv2","E3SM-2-0_land_ELM_MOSART","none","E3SM-2-0_ocean_MPAS-Ocean_E3SMv2.0","none","E3SM-2-0_seaIce_MPAS-Seaice"
"E3SM-2-0-NARRM","E3SM-Project","E3SM-2-0-NARRM_aerosol_MAM4","E3SM-2-0-NARRM_atmos_EAM","E3SM-2-0-NARRM_atmosChem_troposhere-specified-oxidants-for-aerosols_LINOZv2","E3SM-2-0-NARRM_land_ELM_MOSART","none","E3SM-2-0-NARRM_ocean_MPAS-Ocean_E3SMv2.0","none","E3SM-2-0-NARRM_seaIce_MPAS-Seaice_E3SMv2.0"
"E3SM-2-1","E3SM-Project","E3SM-2-1_aerosol_MAM4","E3SM-2-1_atmos_EAM","E3SM-2-1_atmosChem_troposhere-specified-oxidants-for-aerosols_LINOZv2","E3SM-2-1_land_ELM_MOSART","none","E3SM-2-1_ocean_MPAS-Ocean_E3SMv2.1","none","E3SM-2-1_seaIce_MPAS-Seaice_E3SMv2.1"
"EC-Earth3","EC-Earth-Consortium","none","EC-Earth3_atmos_IFS","none","EC-Earth3_land_HTESSEL","none","EC-Earth3_ocean_NEMO3.6_ORCA1","none","EC-Earth3_seaIce_LIM3"
"EC-Earth3-AerChem","EC-Earth-Consortium","EC-Earth3-AerChem_aerosol_TM5","EC-Earth3-AerChem_atmos_IFS","EC-Earth3-AerChem_atmosChem_TM5","EC-Earth3-AerChem_land_HTESSEL","none","EC-Earth3-AerChem_ocean_NEMO3.6_ORCA1","none","EC-Earth3-AerChem_seaIce_LIM3"
"EC-Earth3-CC","EC-Earth-Consortium","none","EC-Earth3-CC_atmos_IFS","EC-Earth3-CC_atmosChem_TM5","EC-Earth3-CC_land_HTESSEL","none","EC-Earth3-CC_ocean_NEMO3.6_ORCA1","EC-Earth3-CC_ocnBgchem_PISCES2","EC-Earth3-CC_seaIce_LIM3"
"EC-Earth3-ESM-1","EC-Earth-Consortium","none","EC-Earth3-ESM-1_atmos_IFS","none","EC-Earth3-ESM-1_land_HTESSEL","EC-Earth3-ESM-1_landIce_PISM1.2","EC-Earth3-ESM-1_ocean_NEMO3.6_ORCA1","EC-Earth3-ESM-1_ocnBgchem_PISCES2","EC-Earth3-ESM-1_seaIce_LIM3"
"EC-Earth3-GrIS","EC-Earth-Consortium","none","EC-Earth3-GrIS_atmos_IFS","none","EC-Earth3-GrIS_land_HTESSEL","EC-Earth3-GrIS_landIce_PISM1.2","EC-Earth3-GrIS_ocean_NEMO3.6_ORCA1","none","EC-Earth3-GrIS_seaIce_LIM3"
"EC-Earth3-HR","EC-Earth-Consortium","none","EC-Earth3-HR_atmos_IFS","none","EC-Earth3-HR_land_HTESSEL","none","EC-Earth3-HR_ocean_NEMO3.6_ORCA025","none","EC-Earth3-HR_seaIce_LIM3"
"EC-Earth3-LR","EC-Earth-Consortium","none","EC-Earth3-LR_atmos_IFS","none","EC-Earth3-LR_land_HTESSEL","none","EC-Earth3-LR_ocean_NEMO3.6_ORCA1","none","EC-Earth3-LR_seaIce_LIM3"
"EC-Earth3-Veg","EC-Earth-Consortium","none","EC-Earth3-Veg_atmos_IFS","none","EC-Earth3-Veg_land_HTESSEL","none","EC-Earth3-Veg_ocean_NEMO3.6_ORCA1","none","EC-Earth3-Veg_seaIce_LIM3"
"EC-Earth3-Veg-LR","EC-Earth-Consortium","none","EC-Earth3-Veg-LR_atmos_IFS","none","EC-Earth3-Veg-LR_land_HTESSEL","none","EC-Earth3-Veg-LR_ocean_NEMO3.6_ORCA1","none","EC-Earth3-Veg-LR_seaIce_LIM3"
"EC-Earth3P","EC-Earth-Consortium","none","EC-Earth3P_atmos_IFS","none","EC-Earth3P_land_HTESSEL","none","EC-Earth3P_ocean_NEMO3.6_ORCA1","none","EC-Earth3P_seaIce_LIM3"
"FGOALS-f3-H","CAS","none","FGOALS-f3-H_atmos_FAMIL2.2","none","FGOALS-f3-H_land_CLM4.0","none","FGOALS-f3-H_ocean_LICOM3.0","none","FGOALS-f3-H_seaIce_CICE4.0"
"FGOALS-f3-L","CAS","none","FGOALS-f3-L_atmos_FAMIL2.2","none","FGOALS-f3-L_land_CLM4.0","none","FGOALS-f3-L_ocean_LICOM3.0","none","FGOALS-f3-L_seaIce_CICE4.0"
"FGOALS-g3","CAS","none","FGOALS-g3_atmos_GAMIL3","none","FGOALS-g3_land_CAS-LSM","none","FGOALS-g3_ocean_LICOM3.0","none","FGOALS-g3_seaIce_CICE4.0"
"FIO-ESM-2-0","FIO-QLNM","FIO-ESM-2-0_aerosol_prescribed","FIO-ESM-2-0_atmos_CAM4","none","FIO-ESM-2-0_land_CLM4.0","none","FIO-ESM-2-0_ocean_POP2-W","none","FIO-ESM-2-0_seaIce_CICE4.0"
"GFDL-AM4","NOAA-GFDL","GFDL-AM4_aerosol_interactive","GFDL-AM4_atmos_GFDL-AM4.0","GFDL-AM4_atmosChem_fast-chemistry-aerosol-only","GFDL-AM4_land_GFDL-LM4.0","GFDL-AM4_landIce_GFDL-LM4.0","none","none","none"
"GFDL-CM4","NOAA-GFDL","GFDL-CM4_aerosol_interactive","GFDL-CM4_atmos_GFDL-AM4","GFDL-CM4_atmosChem_fast-chemistry-aerosol-only","GFDL-CM4_land_GFDL-LM4.0.1","GFDL-CM4_landIce_GFDL-LM4.0.1","GFDL-CM4_ocean_GFDL-OM4p25","GFDL-CM4_ocnBgchem_GFDL-BLINGv2","GFDL-CM4_seaIce_GFDL-SIM4p25"
"GFDL-ESM4","NOAA-GFDL","GFDL-ESM4_aerosol_interactive","GFDL-ESM4_atmos_GFDL-AM4","GFDL-ESM4_atmosChem_GFDL-ATMCHEM4.1","GFDL-ESM4_land_GFDL-LM4.1","GFDL-ESM4_landIce_GFDL-LM4.1","GFDL-ESM4_ocean_GFDL-OM4p5","GFDL-ESM4_ocnBgchem_GFDL-COBALTv2","GFDL-ESM4_seaIce_GFDL-SIM4p5"
"GISS-E2-1-G","NASA-GISS","GISS-E2-1-G_aerosol_varies-with-physics-version","GISS-E2-1-G_atmos_GISS-E2","GISS-E2-1-G_atmosChem_Varies-with-physics-version","GISS-E2-1-G_land_GISS-LSM","none","GISS-E2-1-G_ocean_GISS-Ocean","none","GISS-E2-1-G_seaIce_GISS-SI"
"GISS-E2-1-G-CC","NASA-GISS","GISS-E2-1-G-CC_aerosol_varies-with-physics-version","GISS-E2-1-G-CC_atmos_GISS-E2","GISS-E2-1-G-CC_atmosChem_Varies-with-physics-version","GISS-E2-1-G-CC_land_GISS-LSM","GISS-E2-1-G-CC_landIce_Fixed","GISS-E2-1-G-CC_ocean_GISS-Ocean","GISS-E2-1-G-CC_ocnBgchem_NOBM","GISS-E2-1-G-CC_seaIce_GISS-SI"
"GISS-E2-1-H","NASA-GISS","GISS-E2-1-H_aerosol_varies-with-physics-version","GISS-E2-1-H_atmos_GISS-E2","GISS-E2-1-H_atmosChem_Varies-with-physics-version","GISS-E2-1-H_land_GISS-LSM","none","GISS-E2-1-H_ocean_HYCOM-Ocean","none","GISS-E2-1-H_seaIce_GISS-SI"
"GISS-E2-2-G","NASA-GISS","GISS-E2-2-G_aerosol_varies-with-physics-version","GISS-E2-2-G_atmos_GISS-E2","GISS-E2-2-G_atmosChem_Varies-with-physics-version","GISS-E2-2-G_land_GISS-LSM","GISS-E2-2-G_landIce_Fixed","GISS-E2-2-G_ocean_GISS-Ocean","none","GISS-E2-2-G_seaIce_GISS-SI"
"GISS-E2-2-H","NASA-GISS","GISS-E2-2-H_aerosol_varies-with-physics-version","GISS-E2-2-H_atmos_GISS-E2","GISS-E2-2-H_atmosChem_Varies-with-physics-version","GISS-E2-2-H_land_GISS-LSM","none","GISS-E2-2-H_ocean_HYCOM-Ocean","none","GISS-E2-2-H_seaIce_GISS-SI"
"GISS-E3-G","NASA-GISS","GISS-E3-G_aerosol_varies-with-physics-version","GISS-E3-G_atmos_GISS-E3","GISS-E3-G_atmosChem_Varies-with-physics-version","GISS-E3-G_land_GISS-LSM","none","GISS-E3-G_ocean_GISS-Ocean","none","GISS-E3-G_seaIce_GISS-SI"
"HadGEM3-GC31-HH","MOHC-/-NERC","HadGEM3-GC31-HH_aerosol_UKCA-GLOMAP-mode","HadGEM3-GC31-HH_atmos_MetUM-HadGEM3-GA7.1","none","HadGEM3-GC31-HH_land_JULES-HadGEM3-GL7.1","none","HadGEM3-GC31-HH_ocean_NEMO-HadGEM3-GO6.0_eORCA12","none","HadGEM3-GC31-HH_seaIce_CICE-HadGEM3-GSI8_eORCA12"
"HadGEM3-GC31-HM","MOHC-/-NERC","HadGEM3-GC31-HM_aerosol_UKCA-GLOMAP-mode","HadGEM3-GC31-HM_atmos_MetUM-HadGEM3-GA7.1","none","HadGEM3-GC31-HM_land_JULES-HadGEM3-GL7.1","none","HadGEM3-GC31-HM_ocean_NEMO-HadGEM3-GO6.0","none","HadGEM3-GC31-HM_seaIce_CICE-HadGEM3-GSI8_eORCA025"
"HadGEM3-GC31-LL","MOHC-/-NERC","HadGEM3-GC31-LL_aerosol_UKCA-GLOMAP-mode","HadGEM3-GC31-LL_atmos_MetUM-HadGEM3-GA7.1","none","HadGEM3-GC31-LL_land_JULES-HadGEM3-GL7.1","none","HadGEM3-GC31-LL_ocean_NEMO-HadGEM3-GO6.0","none","HadGEM3-GC31-LL_seaIce_CICE-HadGEM3-GSI8_eORCA1"
"HadGEM3-GC31-LM","MOHC","HadGEM3-GC31-LM_aerosol_UKCA-GLOMAP-mode","HadGEM3-GC31-LM_atmos_MetUM-HadGEM3-GA7.1","none","HadGEM3-GC31-LM_land_JULES-HadGEM3-GL7.1","none","HadGEM3-GC31-LM_ocean_NEMO-HadGEM3-GO6.0","none","HadGEM3-GC31-LM_seaIce_CICE-HadGEM3-GSI8_eORCA025"
"HadGEM3-GC31-MH","MOHC","HadGEM3-GC31-MH_aerosol_UKCA-GLOMAP-mode","HadGEM3-GC31-MH_atmos_MetUM-HadGEM3-GA7.1","none","HadGEM3-GC31-MH_land_JULES-HadGEM3-GL7.1","none","HadGEM3-GC31-MH_ocean_NEMO-HadGEM3-GO6.0_eORCA12","none","HadGEM3-GC31-MH_seaIce_CICE-HadGEM3-GSI8_eORCA12"
"HadGEM3-GC31-MM","MOHC","HadGEM3-GC31-MM_aerosol_UKCA-GLOMAP-mode","HadGEM3-GC31-MM_atmos_MetUM-HadGEM3-GA7.1","none","HadGEM3-GC31-MM_land_JULES-HadGEM3-GL7.1","none","HadGEM3-GC31-MM_ocean_NEMO-HadGEM3-GO6.0","none","HadGEM3-GC31-MM_seaIce_CICE-HadGEM3-GSI8_eORCA025"
"ICON-ESM-LR","MPI-M","ICON-ESM-LR_aerosol_prescribed","ICON-ESM-LR_atmos_ICON-A","none","ICON-ESM-LR_land_JSBACH4.20","ICON-ESM-LR_landIce_none_prescribed","ICON-ESM-LR_ocean_ICON-O","ICON-ESM-LR_ocnBgchem_HAMOCC","ICON-ESM-LR_seaIce_unnamed-thermodynamic"
"IITM-ESM","CCCR-IITM","IITM-ESM_aerosol_prescribed_MACv2","IITM-ESM_atmos_IITM-GFSv1","none","IITM-ESM_land_NOAH-LSMv2.7.1","none","IITM-ESM_ocean_MOM4p1","IITM-ESM_ocnBgchem_TOPAZ2.0","IITM-ESM_seaIce_SIS1.0"
"INM-CM4-8","INM","INM-CM4-8_aerosol_INM-AER1","INM-CM4-8_atmos_INM-AM4-8","none","INM-CM4-8_land_INM-LND1","none","INM-CM4-8_ocean_INM-OM5","none","INM-CM4-8_seaIce_INM-ICE1"
"INM-CM5-0","INM","INM-CM5-0_aerosol_INM-AER1","INM-CM5-0_atmos_INM-AM5-0","none","INM-CM5-0_land_INM-LND1","none","INM-CM5-0_ocean_INM-OM5","none","INM-CM5-0_seaIce_INM-ICE1"
"INM-CM5-H","INM","INM-CM5-H_aerosol_INM-AER1","INM-CM5-H_atmos_INM-AM5-H","none","INM-CM5-H_land_INM-LND1","none","INM-CM5-H_ocean_INM-OM5-H","none","INM-CM5-H_seaIce_INM-ICE1"
"IPSL-CM5A2-INCA","IPSL","IPSL-CM5A2-INCA_aerosol_INCAv6-NMHC-AER-S","IPSL-CM5A2-INCA_atmos_LMDZ","IPSL-CM5A2-INCA_atmosChem_INCAv6-NMHC-AER-S","IPSL-CM5A2-INCA_land_ORCHIDEE","none","IPSL-CM5A2-INCA_ocean_NEMO-OPA3.6-ORCA2","IPSL-CM5A2-INCA_ocnBgchem_NEMO-PISCES","IPSL-CM5A2-INCA_seaIce_NEMO-LIM2"
"IPSL-CM6A-LR","IPSL","none","IPSL-CM6A-LR_atmos_LMDZ","none","IPSL-CM6A-LR_land_ORCHIDEE2.0","none","IPSL-CM6A-LR_ocean_NEMO-OPA-eORCA1.3","IPSL-CM6A-LR_ocnBgchem_NEMO-PISCES","IPSL-CM6A-LR_seaIce_NEMO-LIM3"
"IPSL-CM6A-MR1","IPSL","none","IPSL-CM6A-MR1_atmos_LMDZ","none","IPSL-CM6A-MR1_land_ORCHIDEE2.0","none","IPSL-CM6A-MR1_ocean_NEMO-OPA-eORCA1.3","IPSL-CM6A-MR1_ocnBgchem_NEMO-PISCES","IPSL-CM6A-MR1_seaIce_NEMO-LIM3"
"KACE-1-0-G","NIMS-KMA","KACE-1-0-G_aerosol_UKCA-GLOMAP-mode","KACE-1-0-G_atmos_MetUM-HadGEM3-GA7.1","none","KACE-1-0-G_land_JULES-HadGEM3-GL7.1","none","KACE-1-0-G_ocean_MOM4p1","none","KACE-1-0-G_seaIce_CICE-HadGEM3-GSI8"
"KIOST-ESM","KIOST","none","KIOST-ESM_atmos_GFDL-AM2","KIOST-ESM_atmosChem_Simple-carbon-aerosol-model","KIOST-ESM_land_NCAR-CLM4","KIOST-ESM_landIce_NCAR-CLM4","KIOST-ESM_ocean_GFDL-MOM5.0","KIOST-ESM_ocnBgchem_TOPAZ2.0","KIOST-ESM_seaIce_GFDL-SIS"
"MCM-UA-1-0","UA","MCM-UA-1-0_aerosol_Modified-surface-albedoes","MCM-UA-1-0_atmos_R30L14","none","MCM-UA-1-0_land_Manabe","MCM-UA-1-0_landIce_Time-invariant","MCM-UA-1-0_ocean_MOM1.0","none","MCM-UA-1-0_seaIce_thermodynamic"
"MIROC-ES2H","MIROC","MIROC-ES2H_aerosol_SPRINTARS6.0","MIROC-ES2H_atmos_CCSR-AGCM","MIROC-ES2H_atmosChem_CHASER4.0","MIROC-ES2H_land_MATSIRO6.0_VISIT-e","none","MIROC-ES2H_ocean_COCO4.9","MIROC-ES2H_ocnBgchem_OECO2.0","MIROC-ES2H_seaIce_COCO4.9"
"MIROC-ES2H-NB","MIROC","MIROC-ES2H-NB_aerosol_SPRINTARS6.0","MIROC-ES2H-NB_atmos_CCSR-AGCM","MIROC-ES2H-NB_atmosChem_CHASER4.0","MIROC-ES2H-NB_land_MATSIRO6","none","MIROC-ES2H-NB_ocean_COCO4.9","none","MIROC-ES2H-NB_seaIce_COCO4.9"
"MIROC-ES2L","MIROC","MIROC-ES2L_aerosol_SPRINTARS6.0","MIROC-ES2L_atmos_CCSR-AGCM","none","MIROC-ES2L_land_MATSIRO6.0_VISIT-e","none","MIROC-ES2L_ocean_COCO4.9","MIROC-ES2L_ocnBgchem_OECO2.0","MIROC-ES2L_seaIce_COCO4.9"
"MIROC6","MIROC","MIROC6_aerosol_SPRINTARS6.0","MIROC6_atmos_CCSR-AGCM","none","MIROC6_land_MATSIRO6.0","none","MIROC6_ocean_COCO4.9","none","MIROC6_seaIce_COCO4.9"
"MPI-ESM-1-2-HAM","HAMMOZ-Consortium","MPI-ESM-1-2-HAM_aerosol_HAM2.3","MPI-ESM-1-2-HAM_atmos_ECHAM6.3","MPI-ESM-1-2-HAM_atmosChem_sulfur-chemistry","MPI-ESM-1-2-HAM_land_JSBACH3.20","none","MPI-ESM-1-2-HAM_ocean_MPIOM1.63","MPI-ESM-1-2-HAM_ocnBgchem_HAMOCC","MPI-ESM-1-2-HAM_seaIce_unnamed-thermodynamic"
"MPI-ESM1-2-HR","MPI-M-/-DWD-/-DKRZ","MPI-ESM1-2-HR_aerosol_prescribed","MPI-ESM1-2-HR_atmos_ECHAM6.3","none","MPI-ESM1-2-HR_land_JSBACH3.20","MPI-ESM1-2-HR_landIce_none_prescribed","MPI-ESM1-2-HR_ocean_MPIOM1.63","MPI-ESM1-2-HR_ocnBgchem_HAMOCC","MPI-ESM1-2-HR_seaIce_unnamed-thermodynamic"
"MPI-ESM1-2-LR","MPI-M-/-AWI-/-DKRZ-/-DWD","MPI-ESM1-2-LR_aerosol_prescribed","MPI-ESM1-2-LR_atmos_ECHAM6.3","none","MPI-ESM1-2-LR_land_JSBACH3.20","MPI-ESM1-2-LR_landIce_none_prescribed","MPI-ESM1-2-LR_ocean_MPIOM1.63","MPI-ESM1-2-LR_ocnBgchem_HAMOCC","MPI-ESM1-2-LR_seaIce_unnamed-thermodynamic"
"MRI-AGCM3-2-S","MRI","MRI-AGCM3-2-S_aerosol_prescribed","MRI-AGCM3-2-S_atmos_MRI-AGCM3.2S","none","MRI-AGCM3-2-S_land_SIB0109","none","none","none","none"
"MRI-ESM2-0","MRI","MRI-ESM2-0_aerosol_MASINGAR-mk2r4","MRI-ESM2-0_atmos_MRI-AGCM3.5","MRI-ESM2-0_atmosChem_MRI-CCM2.1","MRI-ESM2-0_land_HAL1.0","none","MRI-ESM2-0_ocean_MRI.COM4.4","MRI-ESM2-0_ocnBgchem_MRI.COM4.4","MRI-ESM2-0_seaIce_MRI.COM4.4"
"NESM3","NUIST","none","NESM3_atmos_ECHAM6.3","none","NESM3_land_JSBACH3.1","none","NESM3_ocean_NEMO3.4","none","NESM3_seaIce_CICE4.1"
"NICAM16-7S","MIROC","NICAM16-7S_aerosol_prescribed_MACv2-SP","NICAM16-7S_atmos_NICAM.16","none","NICAM16-7S_land_MATSIRO6-MOSAIC","none","none","none","NICAM16-7S_seaIce_Fixed"
"NICAM16-8S","MIROC","NICAM16-8S_aerosol_prescribed_MACv2-SP","NICAM16-8S_atmos_NICAM.16","none","NICAM16-8S_land_MATSIRO6-MOSAIC","none","none","none","NICAM16-8S_seaIce_Fixed"
"NICAM16-9S","MIROC","NICAM16-9S_aerosol_prescribed_MACv2-SP","NICAM16-9S_atmos_NICAM.16","none","NICAM16-9S_land_MATSIRO6-MOSAIC","none","none","none","NICAM16-9S_seaIce_Fixed"
"NorCPM1","NCC","NorCPM1_aerosol_OsloAero4.1","NorCPM1_atmos_CAM-OSLO4.1","NorCPM1_atmosChem_OsloChemSimp4.1","NorCPM1_land_CLM4","none","NorCPM1_ocean_MICOM1.1","NorCPM1_ocnBgchem_HAMOCC5.1","NorCPM1_seaIce_CICE4"
"NorESM1-F","NCC","none","NorESM1-F_atmos_CAM4","none","NorESM1-F_land_CLM4","NorESM1-F_landIce_CISM","NorESM1-F_ocean_MICOM","NorESM1-F_ocnBgchem_HAMOCC5.1","NorESM1-F_seaIce_CICE4"
"NorESM2-LM","NCC","NorESM2-LM_aerosol_OsloAero","NorESM2-LM_atmos_CAM-OSLO","NorESM2-LM_atmosChem_OsloChemSimp","NorESM2-LM_land_CLM","NorESM2-LM_landIce_CISM","NorESM2-LM_ocean_MICOM","NorESM2-LM_ocnBgchem_HAMOCC","NorESM2-LM_seaIce_CICE"
"NorESM2-MM","NCC","NorESM2-MM_aerosol_OsloAero","NorESM2-MM_atmos_CAM-OSLO","NorESM2-MM_atmosChem_OsloChemSimp","NorESM2-MM_land_CLM","NorESM2-MM_landIce_CISM","NorESM2-MM_ocean_MICOM","NorESM2-MM_ocnBgchem_HAMOCC","NorESM2-MM_seaIce_CICE"
"SAM0-UNICON","SNU","SAM0-UNICON_aerosol_MAM3","SAM0-UNICON_atmos_CAM5.3-UNICON","none","SAM0-UNICON_land_CLM4.0","none","SAM0-UNICON_ocean_POP2","none","SAM0-UNICON_seaIce_CICE4.0"
"TaiESM1","AS-RCEC","TaiESM1_aerosol_SNAP","TaiESM1_atmos_TaiAM1","TaiESM1_atmosChem_SNAP","TaiESM1_land_CLM4.0","none","TaiESM1_ocean_POP2","none","TaiESM1_seaIce_CICE4"
"TaiESM1-TIMCOM","NTU","TaiESM1-TIMCOM_aerosol_SNAP","TaiESM1-TIMCOM_atmos_TaiAM1","TaiESM1-TIMCOM_atmosChem_SNAP","TaiESM1-TIMCOM_land_CLM4.0","none","TaiESM1-TIMCOM_ocean_TIMCOM1.7","none","TaiESM1-TIMCOM_seaIce_CICE4"
"TaiESM1-TIMCOM2","NTU","TaiESM1-TIMCOM2_aerosol_SNAP","TaiESM1-TIMCOM2_atmos_TaiAM1","TaiESM1-TIMCOM2_atmosChem_SNAP","TaiESM1-TIMCOM2_land_CLM4.0","none","TaiESM1-TIMCOM2_ocean_TIMCOM2.2","none","TaiESM1-TIMCOM2_seaIce_CICE4"
"UKESM1-0-LL","MOHC-/-NERC-/-NIMS-KMA-/-NIWA","UKESM1-0-LL_aerosol_UKCA-GLOMAP-mode","UKESM1-0-LL_atmos_MetUM-HadGEM3-GA7.1","UKESM1-0-LL_atmosChem_UKCA-StratTrop","UKESM1-0-LL_land_JULES-ES-1.0","none","UKESM1-0-LL_ocean_NEMO-HadGEM3-GO6.0","UKESM1-0-LL_ocnBgchem_MEDUSA2","UKESM1-0-LL_seaIce_CICE-HadGEM3-GSI8_eORCA1"
"UKESM1-1-LL","MOHC-/-NERC-/-NIMS-KMA-/-NIWA","UKESM1-1-LL_aerosol_UKCA-GLOMAP-mode","UKESM1-1-LL_atmos_MetUM-HadGEM3-GA7.1","UKESM1-1-LL_atmosChem_UKCA-StratTrop","UKESM1-1-LL_land_JULES-ES-1.0","none","UKESM1-1-LL_ocean_NEMO-HadGEM3-GO6.0","UKESM1-1-LL_ocnBgchem_MEDUSA2","UKESM1-1-LL_seaIce_CICE-HadGEM3-GSI8_eORCA1"
